1036,Screen Cleaner with Cloth,1
1038,Wireless Network,1
1039,HDMI - 8 feet,1
1040,HDMI - 15 feet,1
1041,HDMI - 30 feet,1
1042,Optical Cable 6 feet,1
1043,Optical Cable 12 feet,1
1044,Surge Protector - GE 10 Outlet,1
1045,Polk SmartBar System,1
1046,Power Relocation Kit,1
1047,TV Full Motion Bracket Small,1
1048,TV Tilt Bracket Small,1
1049,TV Tilt Bracket Large,1
1050,TV Full Motion Bracket Large,1
1051,Speaker Bracket - Single,1
1053,Tailgater,1
1054,Audioquest HDMI Cable - 6ft,1
1056,External Hard Drive - 1TB,1
1059,TV Full Motion Bracket Medium,1
1055,Bluetooth Headphones - Red,1
1057,Bluetooth Headphones - Black,1
1058,Bluetooth Headphones - White,1
1082,Megajam BT Speaker - Black,1
1076,HDMI Corner - Audioquest,1
1077,Hopper Remote Skin - Blue,1
1078,Hopper Remote Skin - Green,1
1079,Hopper Remote Skin - Pink GID,1
1080,Hopper Remote Skin - Yellow GID,1
1062,TV Installation w/ Bracket,1
1064,Full Motion Upgrade,1
1061,Joey Bluetooth Adapter,1
1068,Headphones - Bears,1
1069,Headphones - Broncos,1
1070,Headphones - Cowboys,1
1071,Headphones - Patriots,1
1072,Headphones - Seahawks,1
1066,Smart Bar,1
1067,Smart Woofer,1
1081,Hopper Remote Skin - Red,1
1083,Tailgater 2,1
1084,Premium Wireless Router,1
1085,Bluetooth Speaker Boom Duo,1