1036,Screen Cleaner with Cloth DN000128
1038,Wireless Network 180635
1039,HDMI - 8 feet DN000731
1040,HDMI - 15 feet 191411
1041,HDMI - 30 feet 191412
1042,Optical Cable 6 feet 191413
1043,Optical Cable 12 feet 191414
1044,Surge Protector - GE 10 Outlet DN004340
1045,Polk SmartBar System DN004178 DN004179
1046,Power Relocation Kit DN000722
1047,TV Full Motion Bracket less than 32in 191416
1048,TV Tilt Bracket 24in - 42in 191417
1049,TV Tilt Bracket 43in - 80in 191418
1050,TV Full Motion Bracket 56in - 70in DN000732
1051,Speaker Bracket - Single 191415
1053,Tailgater 187776
1054, HDMI Cable - 2M (6 ft) Audioquest DN003966
1056,External Hard Drive - 1TB DN004408
1059,TV Full Motion Bracket 32in - 55in DN003965
1055,Bluetooth Headphones - Red DN004115
1057,Bluetooth Headphones - Black DN004832
1058,Bluetooth Headphones - White DN004833
1082,Megajam BT Speaker - Black DN005437
1076,HDMI Corner - Audioquest DN005317
1077,Hopper Remote Skin - Blue DN005439
1078,Hopper Remote Skin - Green DN005440
1079,Hopper Remote Skin - Pink GID DN005441
1080,Hopper Remote Skin - Yellow GID DN005442
1062,TV Installation w/ Bracket DN003965
1064,Full Motion Upgrade DN000732
1061,Joey Bluetooth Adapter 204689
1068,Headphones - Bears DN006170
1069,Headphones - Broncos DN006172
1070,Headphones - Cowboys DN006174
1071,Headphones - Patriots DN006171
1072,Headphones - Seahawks DN006173
1066,Smart Bar DN006087
1067,Smart Woofer DN006088
1081,Hopper Remote Skin - Red DN006554
1083,Tailgater 2 208477
1084,Premium Wireless - Dlink 868 Router DN006283
1085,Bluetooth Speaker Boom Duo DN000001